Item Title,Publication Title,Book Series Title,Journal Volume,Journal Issue,Item DOI,Authors,Publication Year,URL,Content Type
PHP and MySQL Working Together,PHP 8 Basics,,,,10.1007/978-1-4842-8082-9_10,Gunnard EngebrethSatej Kumar Sahu,2023,https://link.springer.com/chapter/10.1007/978-1-4842-8082-9_10,Chapter
Connecting to a Database with PHP and SQL,PHP 8 Solutions,,,,10.1007/978-1-4842-7141-4_13,David Powers,2022,https://link.springer.com/chapter/10.1007/978-1-4842-7141-4_13,Chapter
Research on Hazardous Waste Information Management System Based on Internet of Things GIS Technology,Proceedings of the Second International Conference on Artificial Intelligence and Communication Technologies (ICAICT 2024),,,,10.1007/978-981-96-0096-0_34,Hualong CaiJingyao LuoYiyan ZhuangZhijie Pan,2025,https://link.springer.com/chapter/10.1007/978-981-96-0096-0_34,Conference paper
Design and Study of a Management Information System for Engineering Measurement Laboratories,AI Methods and Applications in 3D Technologies,,,,10.1007/978-981-97-2144-3_24,Hualong CaiFenghuan HuangYifeng HuangCaiying Huang,2024,https://link.springer.com/chapter/10.1007/978-981-97-2144-3_24,Conference paper
Exploiting Metadata for Intelligent and Secure JSON REST API Services,Proceedings of World Conference on Information Systems for Business Management,,,,10.1007/978-981-99-8346-9_12,John Yoon,2024,https://link.springer.com/chapter/10.1007/978-981-99-8346-9_12,Conference paper
Data Dashboard and Gaming,PHP 8 for Absolute Beginners,,,,10.1007/978-1-4842-8205-2_10,Jason LengstorfThomas Blom HansenSteve Prettyman,2022,https://link.springer.com/chapter/10.1007/978-1-4842-8205-2_10,Chapter
The Image Gallery,An Introduction to PHP,,,,10.1007/979-8-8688-0177-8_8,Mark Simon,2024,https://link.springer.com/chapter/10.1007/979-8-8688-0177-8_8,Chapter
Creating a Dynamic Photo Gallery,PHP 8 Solutions,,,,10.1007/978-1-4842-7141-4_14,David Powers,2022,https://link.springer.com/chapter/10.1007/978-1-4842-7141-4_14,Chapter
Pulling Data from Multiple Tables,PHP 8 Solutions,,,,10.1007/978-1-4842-7141-4_17,David Powers,2022,https://link.springer.com/chapter/10.1007/978-1-4842-7141-4_17,Chapter
Managing Multiple Database Tables,PHP 8 Solutions,,,,10.1007/978-1-4842-7141-4_18,David Powers,2022,https://link.springer.com/chapter/10.1007/978-1-4842-7141-4_18,Chapter
Formatting Text and Dates,PHP 8 Solutions,,,,10.1007/978-1-4842-7141-4_16,David Powers,2022,https://link.springer.com/chapter/10.1007/978-1-4842-7141-4_16,Chapter
Managing Content,PHP 8 Solutions,,,,10.1007/978-1-4842-7141-4_15,David Powers,2022,https://link.springer.com/chapter/10.1007/978-1-4842-7141-4_15,Chapter
Connecting to a&#xa0;Database with PHP and SQL,PHP 7 Solutions,,,,10.1007/978-1-4842-4338-1_13,David Powers,2019,https://link.springer.com/chapter/10.1007/978-1-4842-4338-1_13,Chapter
Building a Database Library,Pro PHP 8 MVC,,,,10.1007/978-1-4842-6957-2_6,Christopher Pitt,2021,https://link.springer.com/chapter/10.1007/978-1-4842-6957-2_6,Chapter
Building an Object-Relational Mapper Library,Pro PHP 8 MVC,,,,10.1007/978-1-4842-6957-2_7,Christopher Pitt,2021,https://link.springer.com/chapter/10.1007/978-1-4842-6957-2_7,Chapter
Basics of Server Software Administration,Set Up and Manage Your Virtual Private Server,,,,10.1007/978-1-4842-6966-4_7,Jon Westfall,2021,https://link.springer.com/chapter/10.1007/978-1-4842-6966-4_7,Chapter
Creating a Dynamic Photo Gallery,PHP 7 Solutions,,,,10.1007/978-1-4842-4338-1_14,David Powers,2019,https://link.springer.com/chapter/10.1007/978-1-4842-4338-1_14,Chapter
Pulling Data from Multiple Tables,PHP 7 Solutions,,,,10.1007/978-1-4842-4338-1_17,David Powers,2019,https://link.springer.com/chapter/10.1007/978-1-4842-4338-1_17,Chapter
Managing Multiple Database Tables,PHP 7 Solutions,,,,10.1007/978-1-4842-4338-1_18,David Powers,2019,https://link.springer.com/chapter/10.1007/978-1-4842-4338-1_18,Chapter
Formatting Text and Dates,PHP 7 Solutions,,,,10.1007/978-1-4842-4338-1_16,David Powers,2019,https://link.springer.com/chapter/10.1007/978-1-4842-4338-1_16,Chapter
Managing Content,PHP 7 Solutions,,,,10.1007/978-1-4842-4338-1_15,David Powers,2019,https://link.springer.com/chapter/10.1007/978-1-4842-4338-1_15,Chapter
Introducing PDO,Beginning PHP and MySQL,,,,10.1007/978-1-4302-6044-8_28,Frank M. Kromann,2018,https://link.springer.com/chapter/10.1007/978-1-4302-6044-8_28,Chapter
MySQL Views,Beginning PHP and MySQL,,,,10.1007/978-1-4302-6044-8_31,Frank M. Kromann,2018,https://link.springer.com/chapter/10.1007/978-1-4302-6044-8_31,Chapter
Databases and SQL,PHP 7 Zend Certification Study Guide,,,,10.1007/978-1-4842-3246-0_10,Andrew Beak,2017,https://link.springer.com/chapter/10.1007/978-1-4842-3246-0_10,Chapter
Using MySQL Databases,PHP and MySQL Recipes,,,,10.1007/978-1-4842-0605-8_16,Frank M. Kromann,2016,https://link.springer.com/chapter/10.1007/978-1-4842-0605-8_16,Chapter
Build an Events Calendar,Pro PHP and jQuery,,,,10.1007/978-1-4842-1230-1_4,Jason LengstorfKeith Wald,2016,https://link.springer.com/chapter/10.1007/978-1-4842-1230-1_4,Chapter
IoT Patterns: Web Apps,Building Arduino Projects for the Internet of Things,,,,10.1007/978-1-4842-1940-9_8,Adeel Javed,2016,https://link.springer.com/chapter/10.1007/978-1-4842-1940-9_8,Chapter
IoT Patterns: Location Aware,Building Arduino Projects for the Internet of Things,,,,10.1007/978-1-4842-1940-9_9,Adeel Javed,2016,https://link.springer.com/chapter/10.1007/978-1-4842-1940-9_9,Chapter
IoT Patterns: On-Demand Clients,Building Arduino Projects for the Internet of Things,,,,10.1007/978-1-4842-1940-9_7,Adeel Javed,2016,https://link.springer.com/chapter/10.1007/978-1-4842-1940-9_7,Chapter
Connecting to a Database with PHP and SQL,PHP Solutions,,,,10.1007/978-1-4842-0635-5_11,David Powers,2014,https://link.springer.com/chapter/10.1007/978-1-4842-0635-5_11,Chapter
A LAMP of Your Own,Learn Raspberry Pi 2 with Linux and Windows 10,,,,10.1007/978-1-4842-1162-5_8,Peter MembreyDavid Hows,2015,https://link.springer.com/chapter/10.1007/978-1-4842-1162-5_8,Chapter
Creating a Dynamic Photo Gallery,PHP Solutions,,,,10.1007/978-1-4842-0635-5_12,David Powers,2014,https://link.springer.com/chapter/10.1007/978-1-4842-0635-5_12,Chapter
Managing Multiple Database Tables,PHP Solutions,,,,10.1007/978-1-4842-0635-5_16,David Powers,2014,https://link.springer.com/chapter/10.1007/978-1-4842-0635-5_16,Chapter
Pulling Data from Multiple Tables,PHP Solutions,,,,10.1007/978-1-4842-0635-5_15,David Powers,2014,https://link.springer.com/chapter/10.1007/978-1-4842-0635-5_15,Chapter
Formatting Text and Dates,PHP Solutions,,,,10.1007/978-1-4842-0635-5_14,David Powers,2014,https://link.springer.com/chapter/10.1007/978-1-4842-0635-5_14,Chapter
Managing Content,PHP Solutions,,,,10.1007/978-1-4842-0635-5_13,David Powers,2014,https://link.springer.com/chapter/10.1007/978-1-4842-0635-5_13,Chapter
A LAMP of Your Own,Learn Raspberry Pi with Linux,,,,10.1007/978-1-4302-4822-4_8,Peter MembreyDavid Hows,2013,https://link.springer.com/chapter/10.1007/978-1-4302-4822-4_8,Chapter
Application Structure,Expert PHP and MySQL,,,,10.1007/978-1-4302-6008-0_5,Marc Rochkind,2013,https://link.springer.com/chapter/10.1007/978-1-4302-6008-0_5,Chapter
Database Patterns,"PHP Objects, Patterns, and Practice",,,,10.1007/978-1-4302-6032-5_13,Matt Zandstra,2013,https://link.springer.com/chapter/10.1007/978-1-4302-6032-5_13,Chapter
Under the Hood: Inside Drupal When It Displays a Page,The Definitive Guide to Drupal 7,,,,10.1007/978-1-4302-3136-3_30,Stefan Freudenberg,2011,https://link.springer.com/chapter/10.1007/978-1-4302-3136-3_30,Chapter
Connecting to MySQL with PHP and SQL,PHP Solutions,,,,10.1007/978-1-4302-3250-6_11,David Powers,2010,https://link.springer.com/chapter/10.1007/978-1-4302-3250-6_11,Chapter
The Database Layer,Pro Drupal 7 for Windows Developers,,,,10.1007/978-1-4302-3154-7_9,Brian Travis,2011,https://link.springer.com/chapter/10.1007/978-1-4302-3154-7_9,Chapter
Completing a Site: The Other 90%,The Definitive Guide to Drupal 7,,,,10.1007/978-1-4302-3136-3_33,Benjamin Melançon,2011,https://link.springer.com/chapter/10.1007/978-1-4302-3136-3_33,Chapter
Safe Execution of System and Remote Procedure Calls,Pro PHP Security,,,,10.1007/978-1-4302-3319-0_12,Chris SnyderThomas MyerMichael Southwell,2010,https://link.springer.com/chapter/10.1007/978-1-4302-3319-0_12,Chapter
Build an Events Calendar,Pro PHP and jQuery,,,,10.1007/978-1-4302-2848-6_4,Jason Lengstorf,2010,https://link.springer.com/chapter/10.1007/978-1-4302-2848-6_4,Chapter
Creating a Dynamic Online Gallery,PHP Solutions,,,,10.1007/978-1-4302-3250-6_12,David Powers,2010,https://link.springer.com/chapter/10.1007/978-1-4302-3250-6_12,Chapter
Pulling Data from Multiple Tables,PHP Solutions,,,,10.1007/978-1-4302-3250-6_15,David Powers,2010,https://link.springer.com/chapter/10.1007/978-1-4302-3250-6_15,Chapter
Managing Multiple Database Tables,PHP Solutions,,,,10.1007/978-1-4302-3250-6_16,David Powers,2010,https://link.springer.com/chapter/10.1007/978-1-4302-3250-6_16,Chapter
Introducing PDO,Beginning PHP and MySQL,,,,10.1007/978-1-4302-3115-8_31,,2010,https://link.springer.com/chapter/10.1007/978-1-4302-3115-8_31,Chapter
Working with Databases,PHP for Absolute Beginners,,,,10.1007/978-1-4302-2474-7_4,Jason Lengstorf,2010,https://link.springer.com/chapter/10.1007/978-1-4302-2474-7_4,Chapter
Formatting Text and Dates,PHP Solutions,,,,10.1007/978-1-4302-3250-6_14,David Powers,2010,https://link.springer.com/chapter/10.1007/978-1-4302-3250-6_14,Chapter
Finding “Bad Smells” in Code,Pro PHP Refactoring,,,,10.1007/978-1-4302-2728-1_2,Francesco TrucchiaJacopo Romei,2010,https://link.springer.com/chapter/10.1007/978-1-4302-2728-1_2,Chapter
Managing Content,PHP Solutions,,,,10.1007/978-1-4302-3250-6_13,David Powers,2010,https://link.springer.com/chapter/10.1007/978-1-4302-3250-6_13,Chapter
Database Patterns,"PHP Objects, Patterns, and Practice",,,,10.1007/978-1-4302-2926-1_13,Matt Zandstra,2010,https://link.springer.com/chapter/10.1007/978-1-4302-2926-1_13,Chapter
PHP with DB2,Beginning DB2,,,,10.1007/978-1-4302-0548-7_13,,2008,https://link.springer.com/chapter/10.1007/978-1-4302-0548-7_13,Chapter
"Database Communication, Manipulation, and Display",Beginning Zend Framework,,,,10.1007/978-1-4302-1826-5_5,,2009,https://link.springer.com/chapter/10.1007/978-1-4302-1826-5_5,Chapter
Exploring More DB2 Development Options,Beginning DB2,,,,10.1007/978-1-4302-0548-7_17,,2008,https://link.springer.com/chapter/10.1007/978-1-4302-0548-7_17,Chapter
Generating XML from a Database,PHP Object-Oriented Solutions,,,,10.1007/978-1-4302-1012-2_8,,2008,https://link.springer.com/chapter/10.1007/978-1-4302-1012-2_8,Chapter
Creating the Product Catalog: Part 1,Beginning PHP and MySQL E-Commerce,,,,10.1007/978-1-4302-0291-2_4,,2008,https://link.springer.com/chapter/10.1007/978-1-4302-0291-2_4,Chapter
Introducing PDO,Beginning PHP and MySQL,,,,10.1007/978-1-4302-0299-8_31,,2008,https://link.springer.com/chapter/10.1007/978-1-4302-0299-8_31,Chapter
Laying Out the Foundations,Beginning PHP and MySQL E-Commerce,,,,10.1007/978-1-4302-0291-2_2,,2008,https://link.springer.com/chapter/10.1007/978-1-4302-0291-2_2,Chapter
Database Patterns,"PHP Objects, Patterns, and Practice",,,,10.1007/978-1-4302-0467-1_13,,2008,https://link.springer.com/chapter/10.1007/978-1-4302-0467-1_13,Chapter
Introducing PDO,Beginning PHP and Oracle,,,,10.1007/978-1-4302-0367-4_23,,2007,https://link.springer.com/chapter/10.1007/978-1-4302-0367-4_23,Chapter
Solutions to Common PHP/Mysql Problems,PHP Solutions: Dynamic Web Design Made Easy,,,,10.1007/978-1-4302-0275-2_14,,2006,https://link.springer.com/chapter/10.1007/978-1-4302-0275-2_14,Chapter
Getting Started with a Database,PHP Solutions: Dynamic Web Design Made Easy,,,,10.1007/978-1-4302-0275-2_11,,2006,https://link.springer.com/chapter/10.1007/978-1-4302-0275-2_11,Chapter
PHP’s mysqli Extension,Beginning PHP and MySQL 5,,,,10.1007/978-1-4302-0117-5_30,,2006,https://link.springer.com/chapter/10.1007/978-1-4302-0117-5_30,Chapter
Creating a Dynamic Online Gallery,PHP Solutions: Dynamic Web Design Made Easy,,,,10.1007/978-1-4302-0275-2_12,,2006,https://link.springer.com/chapter/10.1007/978-1-4302-0275-2_12,Chapter
Managing Content,PHP Solutions: Dynamic Web Design Made Easy,,,,10.1007/978-1-4302-0275-2_13,,2006,https://link.springer.com/chapter/10.1007/978-1-4302-0275-2_13,Chapter
PHP,The Definitive Guide to MySQL5,,,,10.1007/978-1-4302-0071-0_15,,2005,https://link.springer.com/chapter/10.1007/978-1-4302-0071-0_15,Chapter
Working with Multiple Tables and XML,Foundation PHP 5 for Flash,,,,10.1007/978-1-4302-0013-0_12,,2005,https://link.springer.com/chapter/10.1007/978-1-4302-0013-0_12,Chapter
Playing with Words,Foundation PHP 5 for Flash,,,,10.1007/978-1-4302-0013-0_7,,2005,https://link.springer.com/chapter/10.1007/978-1-4302-0013-0_7,Chapter
Working with Arrays,PHP 5 Recipes,,,,10.1007/978-1-4302-0070-3_4,,2005,https://link.springer.com/chapter/10.1007/978-1-4302-0070-3_4,Chapter
Keeping Control with a Content Management System,Foundation PHP 5 for Flash,,,,10.1007/978-1-4302-0013-0_10,,2005,https://link.springer.com/chapter/10.1007/978-1-4302-0013-0_10,Chapter
API Reference,The Definitive Guide to MySQL5,,,,10.1007/978-1-4302-0071-0_23,,2005,https://link.springer.com/chapter/10.1007/978-1-4302-0071-0_23,Chapter
MySQL Programming,Beginning MySQL Database Design and Optimization,,,,10.1007/978-1-4302-0729-0_7,Jon StephensChad Russell,2004,https://link.springer.com/chapter/10.1007/978-1-4302-0729-0_7,Chapter