Item Title,Publication Title,Book Series Title,Journal Volume,Journal Issue,Item DOI,Authors,Publication Year,URL,Content Type
Connecting to a Database with PHP and SQL,PHP 8 Solutions,,,,10.1007/978-1-4842-7141-4_13,David Powers,2022,https://link.springer.com/chapter/10.1007/978-1-4842-7141-4_13,Chapter
Website with a DB,PHP 8 Basics,,,,10.1007/978-1-4842-8082-9_12,Gunnard EngebrethSatej Kumar Sahu,2023,https://link.springer.com/chapter/10.1007/978-1-4842-8082-9_12,Chapter
Managing Multiple Database Tables,PHP 8 Solutions,,,,10.1007/978-1-4842-7141-4_18,David Powers,2022,https://link.springer.com/chapter/10.1007/978-1-4842-7141-4_18,Chapter
Pulling Data from Multiple Tables,PHP 8 Solutions,,,,10.1007/978-1-4842-7141-4_17,David Powers,2022,https://link.springer.com/chapter/10.1007/978-1-4842-7141-4_17,Chapter
Creating a Dynamic Photo Gallery,PHP 8 Solutions,,,,10.1007/978-1-4842-7141-4_14,David Powers,2022,https://link.springer.com/chapter/10.1007/978-1-4842-7141-4_14,Chapter
Managing Content,PHP 8 Solutions,,,,10.1007/978-1-4842-7141-4_15,David Powers,2022,https://link.springer.com/chapter/10.1007/978-1-4842-7141-4_15,Chapter
Formatting Text and Dates,PHP 8 Solutions,,,,10.1007/978-1-4842-7141-4_16,David Powers,2022,https://link.springer.com/chapter/10.1007/978-1-4842-7141-4_16,Chapter
Connecting to a&#xa0;Database with PHP and SQL,PHP 7 Solutions,,,,10.1007/978-1-4842-4338-1_13,David Powers,2019,https://link.springer.com/chapter/10.1007/978-1-4842-4338-1_13,Chapter
Managing Multiple Database Tables,PHP 7 Solutions,,,,10.1007/978-1-4842-4338-1_18,David Powers,2019,https://link.springer.com/chapter/10.1007/978-1-4842-4338-1_18,Chapter
Pulling Data from Multiple Tables,PHP 7 Solutions,,,,10.1007/978-1-4842-4338-1_17,David Powers,2019,https://link.springer.com/chapter/10.1007/978-1-4842-4338-1_17,Chapter
Creating a Dynamic Photo Gallery,PHP 7 Solutions,,,,10.1007/978-1-4842-4338-1_14,David Powers,2019,https://link.springer.com/chapter/10.1007/978-1-4842-4338-1_14,Chapter
Managing Content,PHP 7 Solutions,,,,10.1007/978-1-4842-4338-1_15,David Powers,2019,https://link.springer.com/chapter/10.1007/978-1-4842-4338-1_15,Chapter
Formatting Text and Dates,PHP 7 Solutions,,,,10.1007/978-1-4842-4338-1_16,David Powers,2019,https://link.springer.com/chapter/10.1007/978-1-4842-4338-1_16,Chapter
Connecting to a Database with PHP and SQL,PHP Solutions,,,,10.1007/978-1-4842-0635-5_11,David Powers,2014,https://link.springer.com/chapter/10.1007/978-1-4842-0635-5_11,Chapter
Managing Multiple Database Tables,PHP Solutions,,,,10.1007/978-1-4842-0635-5_16,David Powers,2014,https://link.springer.com/chapter/10.1007/978-1-4842-0635-5_16,Chapter
Pulling Data from Multiple Tables,PHP Solutions,,,,10.1007/978-1-4842-0635-5_15,David Powers,2014,https://link.springer.com/chapter/10.1007/978-1-4842-0635-5_15,Chapter
Creating a Dynamic Photo Gallery,PHP Solutions,,,,10.1007/978-1-4842-0635-5_12,David Powers,2014,https://link.springer.com/chapter/10.1007/978-1-4842-0635-5_12,Chapter
Managing Content,PHP Solutions,,,,10.1007/978-1-4842-0635-5_13,David Powers,2014,https://link.springer.com/chapter/10.1007/978-1-4842-0635-5_13,Chapter
Formatting Text and Dates,PHP Solutions,,,,10.1007/978-1-4842-0635-5_14,David Powers,2014,https://link.springer.com/chapter/10.1007/978-1-4842-0635-5_14,Chapter
Connecting to MySQL with PHP and SQL,PHP Solutions,,,,10.1007/978-1-4302-3250-6_11,David Powers,2010,https://link.springer.com/chapter/10.1007/978-1-4302-3250-6_11,Chapter
Managing Multiple Database Tables,PHP Solutions,,,,10.1007/978-1-4302-3250-6_16,David Powers,2010,https://link.springer.com/chapter/10.1007/978-1-4302-3250-6_16,Chapter
API Reference,The Definitive Guide to MySQL,,,,10.1007/978-1-4302-0669-9_20,Michael Kofler,2004,https://link.springer.com/chapter/10.1007/978-1-4302-0669-9_20,Chapter